Accel_x,Accel_y,Accel_z
-0.223,0.614,1.251
-0.307,0.846,1.28
-0.388,1.073,1.373
-0.386,1.272,1.416
-0.444,1.641,1.314
-0.342,1.837,1.012
-0.04,1.66,0.702
0.227,1.585,0.203
0.61,1.342,-0.182
0.957,0.835,-0.46
1.087,-0.179,-0.718
0.473,-1.936,-0.557
-0.345,-3.682,0.222
-0.399,-4.244,2.637
-0.464,-2.461,4.398
-0.637,-1.073,5.044
-0.24,-0.803,4.247
0.405,-1.338,2.539
1.318,-1.45,0.904
1.671,-1.04,-1.212
1.179,0.297,-1.619
0.995,0.68,-0.912
0.907,0.244,-0.336
0.682,-0.055,0.172
0.439,-0.211,0.754
0.315,-0.265,0.975
0.308,-0.298,0.994
0.3,-0.35,0.956
0.247,-0.307,1.004
0.258,-0.22,1.046
0.242,-0.294,1.074
0.232,-0.37,1.089
0.162,-0.364,1.093
0.175,-0.38,1.097
0.225,-0.385,1.115
0.196,-0.343,1.061
0.198,-0.344,1.03
0.214,-0.346,0.999
0.202,-0.322,0.958
0.183,-0.249,0.949
0.147,-0.185,0.953
0.126,-0.066,0.957
0.103,-0.021,0.985
0.08,0.02,0.974
0.047,-0.006,0.952
0.029,-0.026,0.954
0.019,0.006,0.963
0.03,0.107,0.96
0.054,0.164,0.956
0.073,0.183,0.941
0.086,0.176,0.932
0.113,0.167,0.928
0.118,0.14,0.943
0.104,0.088,1
0.066,0.046,1.038
0.042,0.035,1.062
0.023,0.014,1.065
-0.003,-0.007,1.053
-0.028,0.008,1.024
-0.046,0.039,0.999
-0.05,0.048,0.98
-0.049,0.04,0.969
-0.051,0.029,0.96
-0.058,0.022,0.952
-0.058,0.011,0.956
-0.048,-0.003,0.954
-0.039,-0.002,0.946
-0.037,-0.021,0.938
-0.032,-0.038,0.936
-0.029,-0.056,0.95
-0.043,-0.041,0.986
-0.06,-0.017,1.026
-0.067,-0.008,1.059
-0.062,-0.005,1.07
-0.041,0.007,1.076
-0.024,0.026,1.074
0,0.041,1.062
0.015,0.049,1.037
0.025,0.061,1.023
0.032,0.062,1.012
0.041,0.06,1.004
0.045,0.054,0.995
0.037,0.037,0.988
0.029,0.028,1.005
0.033,0.014,1.022
0.033,-0.011,1.019
0.021,-0.054,1.014
0.003,-0.095,1.019
-0.013,-0.108,1.032
-0.024,-0.097,1.044
-0.022,-0.072,1.061
-0.014,-0.05,1.069
-0.003,-0.037,1.08
0.004,-0.02,1.081
0.02,-0.011,1.089
0.039,0,1.082
0.054,0.009,1.077
0.06,0.027,1.063
0.069,0.043,1.051
0.083,0.055,1.037
0.086,0.061,1.018
0.088,0.057,1.001
0.084,0.048,0.978
0.079,0.038,0.978
0.078,0.014,0.986
0.069,-0.007,0.991
0.061,-0.017,0.999
0.056,-0.017,1.004
0.054,-0.022,1.008
0.055,-0.018,1.008
0.062,-0.016,1.003
0.066,-0.016,0.996
0.063,-0.018,0.992
0.057,-0.02,0.998
0.062,-0.005,1.017
0.061,-0.001,1.026
0.055,-0.007,1.021
0.049,-0.028,1.003
0.05,-0.04,0.973
-0.291,0.648,1.123
-0.346,0.753,1.127
-0.404,0.918,1.167
-0.422,1.139,1.232
-0.464,1.457,1.205
-0.376,1.406,1.127
-0.367,1.409,0.962
-0.259,1.181,0.597
0.057,0.538,0.293
0.437,-0.078,-0.095
0.85,-1.252,-0.371
1.091,-2.536,-0.407
0.708,-2.852,0.006
0.015,-2.331,1.242
-0.197,-1.69,1.659
-0.163,-1.402,2.159
-0.064,-1.276,2.718
0.098,-1.149,2.932
0.174,-0.994,2.78
0.494,-0.803,2.033
0.79,-0.64,1.287
0.947,-0.448,0.469
1.014,-0.313,0.007
0.973,-0.19,-0.204
0.827,-0.144,-0.1
0.661,-0.142,0.193
0.54,-0.203,0.475
0.447,-0.301,0.773
0.406,-0.325,0.908
0.41,-0.271,1.023
0.433,-0.223,1.056
0.485,-0.276,1.062
0.469,-0.332,1.059
0.425,-0.332,1.057
0.386,-0.3,1.082
0.411,-0.265,1.1
0.462,-0.203,1.125
0.463,-0.123,1.084
0.444,-0.152,1.04
0.404,-0.212,1.02
0.409,-0.242,1.104
0.362,-0.264,1.102
0.279,-0.251,1.063
0.234,-0.264,1.099
0.217,-0.273,1.116
0.195,-0.264,1.127
0.16,-0.214,1.128
0.142,-0.171,1.071
0.146,-0.126,0.993
0.167,-0.106,0.892
0.18,-0.088,0.822
0.152,-0.061,0.778
0.107,0.02,0.753
0.084,0.05,0.754
0.044,0.084,0.773
0.015,0.146,0.811
-0.001,0.107,0.857
-0.007,0.088,0.933
0.017,0.116,0.992
0.05,0.122,1.024
0.028,0.178,0.997
-0.017,0.201,0.927
-0.002,0.146,0.867
0.007,0.159,0.802
0.003,0.139,0.801
-0.024,0.158,0.804
-0.03,0.17,0.827
-0.035,0.192,0.853
-0.056,0.211,0.866
-0.063,0.203,0.88
-0.065,0.202,0.899
-0.063,0.188,0.932
-0.056,0.142,0.972
-0.048,0.124,1.009
-0.054,0.151,1.039
-0.055,0.148,1.061
-0.041,0.124,1.062
-0.032,0.127,1.068
-0.025,0.15,1.076
-0.017,0.172,1.084
-0.005,0.175,1.085
0.014,0.171,1.085
0.035,0.16,1.086
0.041,0.152,1.087
0.038,0.147,1.092
0.037,0.142,1.108
0.041,0.119,1.119
0.047,0.113,1.127
0.036,0.103,1.134
0.035,0.091,1.123
0.045,0.078,1.105
0.059,0.077,1.082
0.064,0.08,1.059
0.063,0.076,1.032
0.071,0.076,1.005
0.073,0.075,0.984
0.07,0.052,0.966
0.06,0.028,0.954
0.051,0.018,0.962
0.043,0.011,0.977
0.038,-0.003,0.991
0.021,-0.015,1.011
0.011,-0.013,1.029
0.01,-0.028,1.025
0.016,-0.034,1.015
0.026,-0.02,1.007
0.041,-0.01,0.997
0.056,-0.005,0.984
0.057,-0.01,0.975
0.058,-0.011,0.973
0.059,0,0.972
0.058,0.008,0.976
0.059,-0.009,0.977
0.06,-0.027,0.991
0.056,-0.046,0.999
0.05,-0.051,1.027
0.042,-0.053,1.038
0.027,-0.055,1.058
0.024,-0.049,1.059
-0.256,0.449,1.35
-0.29,0.468,1.36
-0.345,0.472,1.347
-0.398,0.462,1.33
-0.418,0.465,1.31
-0.439,0.472,1.29
-0.447,0.48,1.267
-0.458,0.51,1.251
-0.464,0.551,1.245
-0.467,0.624,1.238
-0.461,0.728,1.232
-0.46,0.829,1.213
-0.465,0.941,1.18
-0.476,1.046,1.139
-0.477,1.084,1.092
-0.454,1.118,1.007
-0.421,1.129,0.906
-0.385,1.117,0.847
-0.329,1.075,0.747
-0.258,0.972,0.562
-0.218,0.834,0.396
-0.14,0.703,0.308
-0.035,0.493,0.191
0.102,0.265,0.107
0.189,0.113,0.059
0.298,-0.109,0.005
0.434,-0.396,-0.003
0.568,-0.681,0.019
0.65,-1.01,0.074
0.755,-1.291,0.192
0.803,-1.598,0.296
0.776,-1.849,0.463
0.648,-1.952,0.558
0.492,-1.909,0.749
0.228,-1.642,1.022
0.166,-1.464,1.374
0.261,-1.36,1.621
0.37,-1.247,1.875
0.465,-1.172,1.989
0.441,-1.033,2.092
0.431,-0.99,2.076
0.475,-0.857,1.937
0.519,-0.691,1.813
0.558,-0.62,1.637
0.676,-0.496,1.456
0.976,-0.449,1.278
0.973,-0.445,1.251
0.852,-0.31,1.226
0.809,-0.299,1.281
0.802,-0.306,1.252
0.807,-0.311,1.173
0.816,-0.351,1.094
0.81,-0.381,1.014
0.79,-0.336,0.892
0.765,-0.306,0.825
0.697,-0.29,0.732
0.616,-0.263,0.662
0.559,-0.219,0.603
0.535,-0.192,0.593
0.496,-0.142,0.631
0.481,-0.142,0.698
0.451,-0.134,0.808
0.407,-0.128,0.871
0.359,-0.113,0.96
0.322,-0.109,1.015
0.309,-0.105,1.041
0.303,-0.106,1.065
0.307,-0.112,1.075
0.346,-0.12,1.079
0.374,-0.138,1.077
0.299,-0.12,1.034
0.269,-0.093,1.009
0.272,-0.092,0.998
0.294,-0.079,0.969
0.318,-0.03,0.941
0.333,-0.004,0.979
0.302,0.026,0.922
0.265,0.033,0.931
0.257,0.017,0.94
0.23,0.017,0.938
0.175,0.02,0.932
0.139,0.014,0.93
0.13,0.017,0.929
0.123,0.025,0.934
0.116,0.036,0.941
0.115,0.056,0.947
0.122,0.077,0.953
0.132,0.113,0.94
0.127,0.13,0.923
0.103,0.119,0.895
0.086,0.102,0.887
0.074,0.085,0.889
0.067,0.084,0.896
0.06,0.091,0.907
0.031,0.131,0.913
0.014,0.172,0.907
0.021,0.172,0.902
0.038,0.161,0.904
0.048,0.155,0.895
0,0.156,0.839
-0.003,0.177,0.853
0.039,0.114,0.859
0.015,0.087,0.861
-0.02,0.09,0.86
-0.054,0.097,0.862
-0.062,0.105,0.869
-0.05,0.14,0.893
-0.037,0.177,0.904
-0.02,0.237,0.921
0.02,0.287,0.953
0.068,0.312,0.973
0.102,0.325,0.991
0.096,0.335,0.971
0.098,0.32,0.952
0.083,0.3,0.932
0.072,0.234,0.935
0.057,0.206,0.957
0.043,0.19,0.99
0.01,0.199,1.004
-0.287,0.744,1.031
-0.319,0.833,1.049
-0.342,0.907,1.053
-0.373,0.969,1.065
-0.355,0.974,1.087
-0.324,1.006,1.088
-0.312,1.017,1.077
-0.313,1,1.041
-0.312,0.961,0.981
-0.311,0.917,0.916
-0.131,0.62,0.948
-0.175,0.59,0.694
-0.109,0.393,0.661
-0.022,0.25,0.606
0.074,0.114,0.547
0.197,-0.06,0.386
0.316,-0.31,0.29
0.349,-0.528,0.197
0.471,-0.773,0.108
0.523,-1.067,0.047
0.621,-1.373,0.008
0.776,-1.681,-0.007
0.854,-2.051,0.072
0.823,-2.179,0.222
0.57,-2.104,0.73
0.438,-1.961,0.972
0.386,-1.668,1.335
0.427,-1.384,1.621
0.488,-1.186,1.741
0.549,-1.14,1.825
0.623,-1.004,1.881
0.67,-0.998,1.881
0.656,-0.744,1.796
0.65,-0.576,1.708
0.655,-0.452,1.593
0.696,-0.341,1.42
0.716,-0.31,1.303
0.779,-0.315,1.195
0.804,-0.352,1.021
0.804,-0.351,0.948
0.779,-0.34,0.846
0.72,-0.361,0.759
0.675,-0.392,0.735
0.629,-0.423,0.684
0.581,-0.451,0.675
0.554,-0.458,0.671
0.495,-0.448,0.672
0.441,-0.416,0.682
0.415,-0.271,0.694
0.379,-0.351,0.703
0.355,-0.313,0.72
0.349,-0.246,0.729
0.363,-0.216,0.707
0.381,-0.154,0.681
0.386,-0.111,0.671
0.372,-0.105,0.662
0.366,-0.151,0.76
0.273,-0.207,0.887
0.248,-0.232,0.941
0.167,-0.283,1.022
0.212,-0.304,1.297
0.189,-0.149,1.157
0.054,-0.119,1.217
0.079,-0.13,1.241
0.121,-0.128,1.236
0.132,-0.064,1.188
0.129,-0.022,1.121
0.115,-0.01,1.07
0.113,0.001,1.009
0.126,0.016,0.951
0.156,0.022,0.896
0.184,0.034,0.863
0.202,0.031,0.807
0.212,0.014,0.766
0.212,-0.017,0.737
0.197,-0.069,0.748
0.162,-0.056,0.788
0.136,-0.007,0.842
0.087,0.021,0.897
0.047,0.05,0.931
0.021,0.05,0.957
0.008,0.03,0.969
-0.004,0.038,0.974
0.001,0.037,0.969
0.027,0.024,0.962
0.048,0.04,0.952
0.066,0.065,0.945
0.077,0.081,0.944
0.096,0.084,0.951
0.121,0.086,0.963
0.127,0.086,0.973
0.134,0.08,0.994
0.107,0.103,0.979
0.079,0.138,0.971
0.052,0.16,0.958
0.003,0.215,0.873
-0.019,0.225,0.904
0.122,0.199,0.895
-0.001,0.195,0.848
-0.013,0.203,0.839
-0.004,0.162,0.842
0.008,0.161,0.823
0.03,0.157,0.818
0.066,0.138,0.813
0.079,0.148,0.806
0.074,0.165,0.811
0.082,0.161,0.839
0.094,0.146,0.856
0.099,0.139,0.895
0.1,0.134,0.937
0.064,0.145,0.989
0.038,0.149,1.021
0.028,0.148,1.05
0.023,0.146,1.072
0.028,0.151,1.095
0.031,0.16,1.116
0.039,0.159,1.13
0.039,0.165,1.136
0.05,0.167,1.144
-0.226,0.674,1.198
-0.335,0.765,1.321
-0.324,0.852,1.579
-0.351,0.944,1.648
-0.435,1.053,1.695
-0.558,1.172,1.702
-0.686,1.32,1.586
-0.743,1.152,1.555
-0.675,1.258,1.233
-0.537,1.055,1.056
-0.276,0.654,0.511
-0.22,0.456,0.482
0.316,-0.19,0.072
0.65,-0.64,0.008
1.089,-1.241,-0.187
1.19,-1.552,-0.198
1.012,-1.811,-0.142
0.841,-1.896,0.072
0.691,-1.827,0.451
0.508,-1.526,0.841
0.254,-1.192,1.164
0.035,-1.004,1.323
0.03,-0.975,1.418
0.037,-0.896,1.497
0.112,-0.568,1.485
0.246,-0.494,1.381
0.433,-0.51,1.248
0.605,-0.506,1.163
0.736,-0.491,1.115
0.804,-0.482,1.043
0.874,-0.481,0.983
0.895,-0.481,0.961
0.871,-0.478,0.935
0.819,-0.472,0.9
0.762,-0.461,0.877
0.707,-0.434,0.848
0.655,-0.39,0.82
0.632,-0.343,0.803
0.601,-0.336,0.828
0.56,-0.348,0.861
0.525,-0.392,0.914
0.486,-0.411,0.979
0.436,-0.423,1.026
0.395,-0.407,1.076
0.373,-0.414,1.124
0.365,-0.423,1.128
0.406,-0.458,1.151
0.441,-0.456,1.122
0.53,-0.443,1.25
0.339,-0.305,1.078
0.277,-0.231,1.106
0.25,-0.169,1.094
0.226,-0.105,1.022
0.212,-0.091,0.935
0.196,0.003,0.867
0.198,0.027,0.793
0.182,0.029,0.756
0.134,0.057,0.73
0.072,0.058,0.71
0.024,0.094,0.708
-0.033,0.127,0.73
-0.053,0.178,0.779
-0.019,0.332,0.846
0.005,0.41,0.826
0.031,0.448,0.79
0.033,0.423,0.772
0.03,0.383,0.774
0.032,0.361,0.784
0.032,0.348,0.81
0.02,0.343,0.846
-0.004,0.346,0.893
-0.04,0.373,0.936
-0.067,0.399,0.963
-0.068,0.386,0.992
-0.081,0.392,1.009
-0.094,0.411,1.018
-0.069,0.398,1.009
-0.049,0.336,0.988
-0.051,0.291,1.001
-0.057,0.258,1.017
-0.052,0.237,1.046
-0.049,0.216,1.085
-0.047,0.197,1.129
-0.046,0.187,1.161
-0.041,0.174,1.178
-0.032,0.16,1.181
-0.031,0.131,1.177
-0.041,0.093,1.159
-0.043,0.069,1.15
-0.032,0.051,1.131
-0.019,0.036,1.12
-0.019,0.013,1.117
-0.025,-0.016,1.124
-0.032,-0.02,1.117
-0.04,-0.022,1.102
-0.033,-0.025,1.081
-0.01,-0.008,1.054
0.012,-0.009,1.005
0.024,-0.03,0.967
0.035,-0.048,0.936
0.034,-0.066,0.929
0.017,-0.087,0.956
-0.011,-0.084,0.987
-0.028,-0.067,1.04
-0.028,-0.047,1.069
-0.027,-0.037,1.079
-0.015,-0.017,1.076
0.009,0.015,1.065
0.028,0.02,1.044
0.044,0.01,1.018
0.056,0.008,0.982
0.052,-0.001,0.97
0.047,-0.003,0.967
0.046,-0.007,0.971
0.047,-0.012,0.979
0.046,-0.017,0.985
0.046,-0.02,0.985
0.045,-0.014,0.984
0.04,-0.011,0.986
-0.207,0.555,1.273
-0.273,0.577,1.301
-0.323,0.603,1.331
-0.363,0.629,1.34
-0.421,0.644,1.331
-0.469,0.658,1.33
-0.49,0.682,1.324
-0.488,0.699,1.312
-0.486,0.699,1.286
-0.483,0.7,1.245
-0.451,0.696,1.218
-0.411,0.687,1.192
-0.262,0.674,1.16
-0.303,0.647,1.11
-0.212,0.619,1.075
-0.11,0.561,1.046
0.021,0.51,1.043
0.161,0.375,0.966
-0.043,0.565,0.655
0.242,0.081,0.697
0.472,-0.109,0.51
0.518,-0.488,0.282
0.692,-0.914,0.167
0.586,-1.252,0.091
0.603,-1.351,0.172
0.521,-1.358,0.264
0.442,-1.36,0.437
0.457,-1.328,0.602
0.43,-1.26,0.76
0.199,-1.095,0.851
-0.047,-0.85,0.992
-0.089,-0.764,1.058
-0.018,-0.679,1.15
0.227,-0.721,1.271
0.346,-0.662,1.357
0.506,-0.561,1.429
0.62,-0.462,1.52
0.722,-0.426,1.482
0.727,-0.416,1.369
0.696,-0.423,1.265
0.649,-0.454,1.17
0.573,-0.469,1.095
0.504,-0.451,1.037
0.475,-0.425,1.005
0.46,-0.393,0.953
0.413,-0.366,0.91
0.399,-0.367,0.908
0.386,-0.366,0.949
0.376,-0.367,1.029
0.35,-0.323,1.085
0.306,-0.301,1.121
0.25,-0.266,1.146
0.225,-0.218,1.15
0.216,-0.184,1.122
0.205,-0.17,1.121
0.213,-0.15,1.112
0.15,-0.099,1.025
0.125,-0.044,0.971
0.108,-0.035,0.941
0.112,-0.047,0.901
0.124,-0.043,0.869
0.148,-0.035,0.809
0.168,-0.032,0.776
0.169,-0.03,0.752
0.163,-0.019,0.738
0.153,-0.004,0.737
0.136,0.012,0.745
0.109,0.026,0.756
0.08,0.043,0.766
0.043,0.054,0.775
-0.006,0.057,0.793
-0.03,0.071,0.815
-0.043,0.086,0.827
-0.036,0.111,0.838
-0.026,0.13,0.833
-0.023,0.201,0.821
-0.012,0.237,0.795
0.007,0.265,0.778
0.021,0.286,0.77
0.047,0.311,0.772
0.068,0.333,0.788
0.056,0.339,0.79
0.037,0.333,0.808
0.033,0.329,0.825
0.019,0.356,0.853
0.02,0.374,0.884
0.018,0.364,0.916
0.023,0.353,0.933
0.006,0.374,0.901
0.016,0.344,0.901
0.026,0.301,0.901
0.046,0.272,0.913
-0.035,0.344,0.886
0.017,0.304,0.951
0.024,0.309,0.969
-0.005,0.315,0.964
-0.037,0.29,0.968
-0.051,0.227,0.992
-0.086,0.201,1.015
-0.089,0.208,1.074
-0.062,0.193,1.113
-0.031,0.188,1.136
0.001,0.196,1.145
0.029,0.189,1.119
0.051,0.186,1.094
0.057,0.189,1.049
0.061,0.187,1.019
0.054,0.174,1.014
0.036,0.168,1.024
0.042,0.169,1.031
0.048,0.145,1.045
0.041,0.126,1.048
0.038,0.124,1.081
0.055,0.13,1.11
0.072,0.145,1.149
0.064,0.145,1.139
0.048,0.166,1.148
0.046,0.164,1.139
0.06,0.155,1.132
-0.249,0.537,1.254
-0.296,0.58,1.271
-0.346,0.63,1.254
-0.366,0.683,1.221
-0.362,0.78,1.183
-0.355,0.916,1.151
-0.37,1.045,1.121
-0.378,1.07,1.114
-0.397,0.93,1.144
-0.296,1.075,1.121
-0.341,1.015,0.968
-0.33,0.888,0.867
-0.2,0.688,0.728
-0.051,0.463,0.739
-0.154,0.357,0.191
0.185,-0.003,0.507
0.262,-0.354,0.266
0.494,-0.726,0.237
0.689,-1.027,0.189
0.779,-1.26,0.226
0.777,-1.522,0.342
0.695,-1.586,0.521
0.532,-1.43,0.863
0.455,-1.217,1.02
0.457,-1.073,1.142
0.48,-0.992,1.241
0.505,-0.884,1.307
0.543,-0.747,1.311
0.619,-0.653,1.29
0.668,-0.573,1.22
0.677,-0.529,1.12
0.673,-0.546,1.03
0.663,-0.593,0.974
0.616,-0.614,0.97
0.56,-0.621,0.975
0.522,-0.598,1.006
0.52,-0.565,1.051
0.559,-0.468,1.087
0.598,-0.378,1.071
0.596,-0.36,1.027
0.561,-0.354,1.001
0.57,-0.367,1.014
0.577,-0.377,1.06
0.583,-0.367,1.068
0.553,-0.275,1.051
0.506,-0.205,1.016
0.413,-0.114,0.969
0.358,-0.053,0.918
0.315,-0.027,0.868
0.291,-0.003,0.82
0.28,0.021,0.773
0.251,0.032,0.734
0.225,0.023,0.709
0.205,0.015,0.701
0.183,0.048,0.695
0.151,0.105,0.681
0.096,0.127,0.672
0.072,0.111,0.675
0.09,0.15,0.737
0.134,0.195,0.791
0.157,0.206,0.851
0.13,0.239,0.877
0.105,0.284,0.843
0.094,0.248,0.803
0.082,0.231,0.782
0.061,0.229,0.781
0.056,0.22,0.798
0.061,0.232,0.824
0.09,0.255,0.862
0.071,0.306,0.857
0.078,0.278,0.874
0.088,0.266,0.881
0.075,0.274,0.876
0.054,0.283,0.868
0.045,0.27,0.874
0.041,0.267,0.849
0.026,0.259,0.859
0.096,0.259,0.886
0.099,0.297,0.905
0.086,0.356,0.902
0.08,0.332,0.892
0.073,0.271,0.886
0.042,0.218,0.885
0.026,0.175,0.911
0.043,0.164,0.971
0.061,0.207,1.044
0.091,0.246,1.1
0.124,0.295,1.165
0.132,0.307,1.182
0.116,0.285,1.167
0.096,0.192,1.083
0.085,0.173,1.06
0.076,0.158,1.039
0.084,0.15,1.038
0.087,0.142,1.034
0.084,0.13,1.032
0.081,0.128,1.046
0.067,0.131,1.066
0.063,0.128,1.084
0.057,0.12,1.103
0.059,0.114,1.129
0.063,0.122,1.169
0.074,0.14,1.203
0.074,0.155,1.191
0.072,0.161,1.158
0.076,0.154,1.108
0.082,0.133,1.087
0.08,0.127,1.059
0.075,0.117,1.048
0.075,0.105,1.052
0.062,0.104,1.063
0.048,0.1,1.075
0.043,0.093,1.07
0.032,0.078,1.065
0.023,0.073,1.049
0.02,0.103,1.026
0.026,0.106,1.002
0.029,0.102,1.001
0.029,0.117,1.009
-0.19,0.627,1.273
-0.155,0.685,1.273
-0.215,0.782,1.34
-0.332,0.939,1.329
-0.514,1.06,1.303
-0.666,1.145,1.257
-0.789,1.199,1.207
-0.977,1.09,1.099
-1.057,0.988,0.929
-0.749,0.684,0.989
-0.494,0.573,0.966
-0.634,0.576,0.48
-0.215,0.286,0.614
-0.081,0.179,0.252
0.303,-0.2,0.109
0.649,-0.786,-0.112
0.792,-1.504,-0.344
1.05,-2.136,-0.341
1.271,-2.501,0.034
0.982,-2.225,0.447
0.461,-1.57,0.696
0.486,-1.139,1.181
0.711,-1.088,1.625
0.853,-0.974,1.742
0.895,-0.702,1.675
0.835,-0.579,1.515
0.756,-0.569,1.328
0.7,-0.568,1.236
0.732,-0.532,1.185
0.787,-0.531,1.089
0.805,-0.562,1.031
0.773,-0.559,0.958
0.743,-0.522,0.865
0.714,-0.532,0.8
0.672,-0.528,0.773
0.605,-0.475,0.737
0.55,-0.45,0.725
0.509,-0.471,0.755
0.497,-0.503,0.804
0.497,-0.5,0.871
0.543,-0.499,0.916
0.585,-0.518,0.962
0.606,-0.526,1.019
0.617,-0.509,1.073
0.606,-0.49,1.09
0.566,-0.424,1.08
0.509,-0.303,1.058
0.43,-0.243,1.033
0.367,-0.242,0.992
0.337,-0.244,0.95
0.306,-0.185,0.916
0.311,-0.148,0.875
0.299,-0.05,0.838
0.277,0.061,0.777
0.221,0.147,0.731
0.182,0.129,0.723
0.155,0.148,0.74
0.126,0.174,0.75
0.12,0.191,0.777
0.115,0.236,0.789
0.109,0.294,0.789
0.122,0.361,0.77
0.135,0.403,0.739
0.142,0.426,0.723
0.157,0.407,0.736
0.183,0.369,0.772
0.189,0.369,0.797
0.191,0.381,0.828
0.188,0.392,0.851
0.183,0.402,0.868
0.18,0.412,0.879
0.172,0.415,0.881
0.165,0.409,0.884
0.163,0.396,0.882
0.149,0.391,0.864
0.107,0.41,0.843
0.091,0.397,0.835
0.075,0.35,0.839
0.058,0.313,0.858
0.041,0.278,0.881
0.026,0.285,0.968
0.017,0.291,1.007
0.007,0.276,1.023
0.001,0.267,1.017
-0.008,0.259,1.013
-0.013,0.244,1.002
-0.001,0.219,0.991
0.005,0.217,0.98
0.013,0.226,0.973
0.004,0.244,0.967
0.019,0.223,0.995
0.034,0.204,1.009
0.036,0.202,1.025
0.034,0.198,1.04
0.031,0.201,1.058
0.03,0.203,1.074
0.036,0.201,1.084
0.039,0.203,1.087
0.039,0.205,1.079
0.036,0.192,1.063
0.027,0.185,1.047
0.021,0.176,1.04
0.016,0.165,1.025
0.011,0.16,1.014
0.008,0.142,1
0.012,0.13,0.996
0.015,0.128,0.991
0.016,0.135,0.986
0.013,0.134,0.988
0.018,0.134,0.997
0.022,0.134,1.012
0.031,0.139,1.024
0.031,0.141,1.039
0.036,0.137,1.04
0.051,0.13,1.044
0.062,0.117,1.046
0.07,0.1,1.047
0.079,0.087,1.05
0.07,0.072,1.098
-0.25,0.619,1.218
-0.321,0.763,1.199
-0.375,0.943,1.204
-0.411,1.12,1.197
-0.449,1.311,1.191
-0.481,1.57,1.138
-0.447,1.728,1.068
-0.382,1.779,0.941
-0.311,1.689,0.826
-0.123,1.444,0.764
0.065,0.905,0.478
0.351,0.272,0.242
0.854,-0.661,0.101
1.535,-2.103,-0.026
1.704,-3.046,-0.065
1.471,-3.334,0.178
0.703,-2.738,0.552
0.321,-2.283,1.014
-0.045,-1.698,1.318
-0.204,-1.511,1.774
-0.203,-1.514,2.147
-0.13,-1.399,2.438
-0.149,-1.329,2.438
-0.154,-1.11,2.214
0.045,-0.616,1.96
0.461,-0.561,1.77
0.96,-0.56,1.416
1.143,-0.419,0.954
1.245,-0.344,0.626
1.252,-0.368,0.355
1.189,-0.418,0.111
0.951,-0.413,0.102
0.705,-0.393,0.268
0.555,-0.329,0.504
0.526,-0.261,0.694
0.557,-0.148,0.792
0.627,-0.06,0.797
0.658,-0.007,0.798
0.643,-0.022,0.791
0.615,-0.041,0.807
0.586,-0.019,0.822
0.558,0.011,0.836
0.558,0.034,0.874
0.577,0.033,0.901
0.585,0.04,0.935
0.539,0.063,0.955
0.504,0.069,0.964
0.453,0.078,0.969
0.421,0.089,0.967
0.375,0.079,0.962
0.325,0.078,0.961
0.278,0.116,0.951
0.234,0.15,0.925
0.203,0.134,0.911
0.184,0.107,0.91
0.173,0.08,0.896
0.157,0.09,0.868
0.117,0.154,0.848
0.103,0.211,0.841
0.085,0.244,0.837
0.086,0.245,0.833
0.09,0.226,0.824
0.104,0.205,0.817
0.108,0.202,0.824
0.115,0.203,0.84
0.134,0.19,0.856
0.173,0.149,0.872
0.194,0.135,0.898
0.174,0.205,0.918
0.143,0.233,0.936
0.126,0.198,0.951
0.104,0.192,0.96
0.085,0.214,0.963
0.089,0.202,0.955
0.105,0.201,0.933
0.1,0.207,0.893
0.107,0.166,0.873
0.101,0.163,0.82
0.121,0.155,0.825
0.143,0.148,0.86
0.147,0.125,0.893
0.147,0.143,0.958
0.163,0.171,0.992
0.116,0.26,0.935
0.119,0.277,0.953
0.155,0.253,0.949
0.178,0.271,0.933
0.163,0.279,0.921
0.166,0.283,0.933
0.168,0.282,0.945
0.16,0.283,0.956
0.148,0.284,0.97
0.147,0.28,0.982
0.127,0.285,1.002
0.118,0.299,1.015
0.119,0.289,1.021
0.131,0.278,1.02
0.14,0.27,1.029
0.139,0.271,1.029
0.146,0.263,1.02
0.167,0.249,1.012
0.159,0.208,1.007
0.143,0.163,1.019
0.123,0.138,1.053
0.1,0.146,1.1
0.086,0.142,1.127
0.072,0.129,1.138
0.069,0.106,1.137
0.069,0.08,1.13
0.066,0.07,1.123
0.06,0.067,1.107
0.046,0.062,1.087
0.038,0.058,1.071
0.04,0.053,1.049
0.038,0.048,1.038
0.041,0.041,1.034
0.055,0.046,1.03
0.07,0.053,1.002
0.076,0.063,0.996
-0.414,0.703,1.004
-0.353,0.662,0.951
-0.16,0.634,1.035
-0.282,0.629,1.031
-0.352,0.585,1.132
-0.366,0.88,1.471
-0.544,1.352,2.04
-1.254,2.601,2.816
-1.772,3,2.954
-1.627,2.605,2.525
-0.718,2.025,2.069
0.334,0.973,1.044
0.255,0.304,0.108
0.946,-0.876,0.167
1.347,-1.844,-0.142
2.955,-3.868,-1.23
2.787,-4.298,-1.325
1.45,-4.134,-0.691
0.359,-2.931,0.613
-0.248,-1.528,1.504
-0.37,-0.952,2.06
-0.068,-1.036,2.736
0.17,-1.613,2.53
0.184,-0.886,1.9
0.184,-0.803,1.501
-0.09,-0.623,1.012
0.188,-0.302,1.035
1.288,0.007,1.275
1.499,0,1.094
1.439,-0.012,0.855
1.209,-0.075,0.583
1.075,-0.115,0.466
0.884,-0.134,0.522
0.551,-0.225,0.602
0.304,-0.223,0.768
0.163,-0.173,1.069
0.114,-0.004,1.18
0.045,-0.105,1.2
0.015,-0.099,1.169
-0.014,-0.085,1.115
-0.018,-0.089,1.068
-0.005,-0.088,1.009
0.003,-0.056,0.949
0.003,0.008,0.897
0.004,0.053,0.846
0.016,0.09,0.808
0.07,0.191,0.775
0.118,0.234,0.744
0.101,0.27,0.726
0.091,0.248,0.735
0.092,0.217,0.768
0.093,0.211,0.812
0.061,0.203,0.844
0.004,0.2,0.868
-0.032,0.19,0.891
-0.047,0.178,0.915
-0.048,0.161,0.923
-0.041,0.173,0.933
-0.036,0.21,0.944
-0.036,0.237,0.947
-0.035,0.249,0.941
-0.031,0.26,0.924
-0.013,0.269,0.906
0.004,0.263,0.878
0.007,0.234,0.877
0.003,0.182,0.887
0.017,0.147,0.923
0.022,0.137,0.959
0.013,0.1,1.01
0,0.095,1.065
-0.019,0.113,1.093
-0.029,0.13,1.106
-0.012,0.13,1.107
0.001,0.115,1.095
0.009,0.108,1.068
0.011,0.081,1.041
0.023,0.032,1.024
0.052,0.021,0.986
0.073,0.02,0.96
0.059,0.028,0.964
0.037,0.036,0.977
0.021,0.05,1.005
0.017,0.059,1.022
0.02,0.064,1.04
0.014,0.069,1.068
0.003,0.072,1.069
-0.006,0.066,1.075
-0.01,0.069,1.088
0.012,0.099,1.099
0.044,0.139,1.121
0.089,0.113,1.15
0.108,0.145,1.102
0.101,0.168,1.084
0.099,0.153,1.079
0.091,0.129,1.078
0.073,0.105,1.073
0.059,0.093,1.076
0.056,0.105,1.09
0.053,0.114,1.1
0.06,0.113,1.097
0.066,0.136,1.089
0.072,0.16,1.075
0.086,0.144,1.068
0.1,0.109,1.058
0.137,0.095,1.05
0.174,0.071,1.041
0.186,0.042,1.042
0.181,0.043,1.037
0.168,0.066,1.047
0.163,0.083,1.08
0.157,0.081,1.08
0.126,0.049,1.058
0.103,-0.006,0.976
0.089,0.025,0.931
0.061,0.149,0.886
0.019,0.228,0.816
-0.035,0.317,0.743
-0.098,0.315,0.664
-0.119,0.388,0.626
-0.241,0.49,1.509
-0.427,0.45,1.707
-0.824,1.22,2.473
-1.229,1.617,2.715
-1.025,1.296,2.636
-0.119,0.469,2.359
-0.395,0.251,1.083
0.48,-1.732,-0.365
1.024,-3.253,-0.802
2.39,-4.688,-1.181
2.262,-4.171,-0.732
1.251,-3.295,0.083
0.712,-2.019,0.543
0.151,-0.789,0.821
0.077,0.428,1.19
0.058,0.401,0.671
0.245,0.032,0.693
0.357,-0.826,1.09
0.216,-1.14,1.083
0.136,-0.722,0.951
0.285,-0.457,1.031
0.446,-0.493,1.222
0.529,-0.668,1.333
0.458,-0.7,1.37
0.345,-0.621,1.335
0.301,-0.51,1.285
0.324,-0.432,1.187
0.382,-0.386,1.099
0.411,-0.293,0.969
0.39,-0.205,0.928
0.374,-0.182,0.893
0.351,-0.143,0.907
0.311,-0.12,0.941
0.292,-0.097,1.026
0.284,-0.098,1.058
0.258,-0.096,1.05
0.224,-0.064,1.042
0.193,-0.007,1.045
0.176,0.04,1.08
0.149,0.038,1.042
0.122,0.084,1.039
0.15,0.104,1.047
0.16,0.113,1.039
0.183,0.095,1.053
0.225,0.07,1.068
0.243,0.067,1.069
0.254,0.078,1.066
0.245,0.088,1.053
0.215,0.105,1.053
0.196,0.122,1.057
0.174,0.138,1.064
0.154,0.151,1.069
0.135,0.144,1.073
0.113,0.131,1.064
0.091,0.135,1.049
0.069,0.151,1.041
0.055,0.157,1.045
0.045,0.142,1.035
0.056,0.128,1.014
0.064,0.109,0.961
0.012,0.145,0.89
0.086,0.088,0.946
0.114,0.064,0.905
0.104,0.121,0.89
0.098,0.152,0.891
0.091,0.161,0.892
0.08,0.184,0.889
0.069,0.199,0.897
0.052,0.203,0.903
0.033,0.212,0.927
-0.033,0.224,0.957
-0.038,0.21,0.98
-0.062,0.211,0.977
-0.087,0.204,0.996
-0.089,0.184,1.009
-0.074,0.182,0.999
-0.051,0.163,0.978
-0.042,0.141,0.956
-0.053,0.169,0.902
-0.055,0.234,0.871
-0.068,0.258,0.84
-0.055,0.255,0.832
-0.032,0.25,0.825
-0.025,0.216,0.811
-0.039,0.191,0.814
-0.057,0.183,0.809
-0.07,0.182,0.819
-0.072,0.165,0.834
-0.073,0.147,0.861
-0.082,0.145,0.894
-0.091,0.167,0.921
-0.104,0.192,0.954
-0.1,0.204,0.976
-0.082,0.199,1.021
-0.064,0.2,1.043
-0.061,0.209,1.062
-0.062,0.282,1.069
-0.06,0.289,1.065
-0.039,0.272,1.059
-0.017,0.246,1.058
-0.008,0.227,1.056
0,0.218,1.05
0.006,0.216,1.042
0.011,0.206,1.033
0.002,0.184,1.021
-0.006,0.168,1.023
-0.015,0.156,1.029
-0.019,0.147,1.037
-0.021,0.13,1.043
-0.021,0.122,1.051
-0.025,0.111,1.048
-0.029,0.107,1.048
-0.041,0.104,1.047
-0.045,0.101,1.047
-0.046,0.083,1.052
-0.043,0.083,1.061
-0.036,0.092,1.071
-0.02,0.109,1.067
-0.005,0.131,1.056
-0.266,0.861,0.922
-0.324,0.889,1.042
-0.413,1.013,1.139
-0.425,1.038,1.241
-0.446,1.078,1.276
-0.319,1.096,1.243
0.029,0.816,1.295
-0.205,0.515,0.652
0.523,-0.305,0.593
0.827,-0.704,0.162
1.336,-1.49,-0.081
1.332,-1.933,-0.217
1.234,-2.139,-0.205
1.037,-2.274,-0.141
0.369,-2.002,0.202
0.1,-1.844,0.731
-0.091,-1.731,1.095
-0.106,-1.765,1.701
-0.087,-1.83,2.384
-0.041,-1.814,2.81
0.104,-1.619,3.32
0.257,-0.899,3.32
0.386,-0.458,2.703
0.735,-0.628,1.855
1.047,-0.651,1.428
1.226,-0.526,1.004
1.22,-0.413,0.615
1.06,-0.314,0.08
0.853,-0.257,-0.031
0.584,-0.182,0.048
0.411,-0.156,0.285
0.318,-0.127,0.567
0.277,-0.09,0.833
0.263,-0.118,0.96
0.246,-0.119,0.969
0.197,-0.063,0.953
0.188,-0.057,0.963
0.223,-0.067,0.969
0.238,-0.041,0.962
0.302,-0.033,1.015
0.224,0.047,0.86
0.177,0.063,0.867
0.201,0.056,0.886
0.217,0.034,0.91
0.252,0.066,0.955
0.28,0.119,0.988
0.294,0.193,1.035
0.303,0.237,1.039
0.302,0.265,1.047
0.302,0.304,1.064
0.294,0.304,1.049
0.279,0.309,1.036
0.265,0.325,1.009
0.248,0.351,0.98
0.225,0.393,0.939
0.146,0.415,0.9
0.071,0.421,0.826
0.04,0.386,0.767
0.006,0.343,0.737
-0.001,0.273,0.722
-0.027,0.241,0.718
-0.041,0.221,0.731
-0.048,0.208,0.757
-0.03,0.229,0.793
-0.021,0.257,0.822
-0.014,0.332,0.865
-0.011,0.39,0.888
-0.002,0.439,0.91
0.005,0.44,0.919
0.016,0.383,0.919
0.023,0.321,0.92
0.04,0.211,0.945
0.04,0.178,0.986
0.04,0.171,1.034
0.054,0.215,1.067
0.062,0.24,1.072
0.064,0.275,1.058
0.059,0.282,1.037
0.052,0.263,1.01
0.04,0.239,0.991
0.051,0.196,0.991
0.061,0.174,0.979
0.063,0.143,0.984
0.051,0.142,0.995
0.038,0.158,1.008
0.02,0.163,1.032
0.024,0.152,1.043
0.025,0.144,1.057
0.029,0.147,1.067
0.03,0.155,1.072
0.03,0.166,1.072
0.03,0.17,1.065
0.033,0.179,1.052
0.037,0.183,1.04
0.04,0.183,1.018
0.032,0.184,0.999
0.036,0.171,0.998
0.043,0.162,0.874
0.028,0.153,0.989
0.032,0.125,0.993
0.035,0.127,1.007
0.03,0.14,1.031
0.025,0.144,1.048
0.03,0.158,1.052
0.035,0.163,1.047
0.034,0.167,1.039
0.028,0.168,1.031
0.028,0.161,1.01
0.022,0.152,0.982
0.019,0.137,0.97
0.019,0.132,0.952
0.029,0.135,0.95
0.042,0.13,0.955
0.052,0.1,0.959
0.049,0.101,0.989
0.039,0.107,1.031
0.031,0.11,1.063
0.018,0.119,1.093
0.025,0.123,1.072
-0.178,0.733,1.121
-0.248,0.952,1.138
-0.341,1.159,1.119
-0.463,1.445,1.091
-0.618,1.666,1.04
-0.668,1.76,1.008
-0.609,1.826,0.936
-0.564,1.671,0.82
-0.484,1.508,0.693
-0.279,1.231,0.5
-0.073,0.918,0.516
0.182,0.22,0.473
0.154,0.005,0.07
0.767,-0.863,0.304
1.133,-1.852,0.291
1.098,-2.175,0.495
0.905,-1.957,0.815
0.697,-1.513,1.077
0.526,-1.321,1.381
0.445,-1.264,1.596
0.395,-1.279,1.761
0.321,-1.297,1.892
0.234,-1.317,1.91
0.135,-1.163,1.818
0.098,-0.923,1.653
0.124,-0.813,1.55
0.279,-0.699,1.544
0.504,-0.588,1.509
0.585,-0.453,1.374
0.685,-0.404,1.136
0.746,-0.413,0.973
0.759,-0.405,0.783
0.702,-0.404,0.684
0.594,-0.409,0.625
0.521,-0.365,0.684
0.497,-0.336,0.752
0.469,-0.333,0.813
0.429,-0.315,0.865
0.372,-0.292,0.912
0.324,-0.292,0.947
0.301,-0.265,0.954
0.302,-0.233,0.969
0.295,-0.209,0.961
0.294,-0.18,0.96
0.308,-0.122,0.974
0.333,-0.075,0.993
0.343,-0.005,0.994
0.346,0.079,0.985
0.32,0.156,0.905
0.296,0.181,0.868
0.295,0.161,0.832
0.306,0.133,0.809
0.283,0.117,0.791
0.23,0.14,0.785
0.232,0.149,0.768
0.187,0.16,0.774
0.134,0.207,0.779
0.095,0.25,0.765
0.08,0.287,0.772
0.084,0.312,0.784
0.09,0.337,0.794
0.095,0.346,0.799
0.112,0.362,0.798
0.122,0.36,0.808
0.135,0.351,0.822
0.146,0.343,0.833
0.154,0.35,0.842
0.14,0.366,0.83
0.115,0.37,0.82
0.113,0.35,0.824
0.111,0.32,0.82
0.102,0.313,0.812
0.096,0.308,0.815
0.08,0.294,0.823
0.041,0.282,0.834
0.03,0.274,0.853
0.017,0.276,0.874
0.012,0.292,0.915
0.023,0.31,0.941
0.031,0.332,0.969
0.041,0.357,0.99
0.051,0.373,0.999
0.062,0.372,1.002
0.071,0.37,0.996
0.073,0.369,0.985
0.075,0.363,0.97
0.077,0.341,0.955
0.075,0.307,0.934
0.048,0.302,0.915
0.03,0.258,0.928
0.034,0.254,0.964
0.011,0.23,1.006
-0.012,0.225,1.034
-0.016,0.231,1.047
-0.008,0.24,1.058
0.001,0.244,1.065
0.006,0.246,1.071
0.016,0.256,1.073
0.03,0.254,1.07
0.051,0.243,1.065
0.067,0.216,1.06
0.072,0.185,1.052
0.071,0.173,1.05
0.06,0.166,1.053
0.047,0.149,1.061
0.035,0.134,1.07
0.023,0.117,1.068
0.016,0.106,1.062
0.02,0.09,1.075
0.017,0.088,1.061
0.023,0.107,1.061
0.042,0.093,1.034
0.065,0.061,1.023
0.069,0.054,1.021
0.071,0.051,1.025
0.076,0.041,1.033
0.082,0.029,1.048
0.086,0.026,1.057
0.082,0.03,1.057
-0.274,0.518,1.322
-0.257,0.669,1.271
-0.132,0.805,1.163
0.026,0.84,1.018
0.107,0.732,0.919
0.036,0.433,0.43
0.165,0.074,0.589
0.244,-0.039,0.361
0.356,-0.206,0.304
0.483,-0.354,0.128
0.539,-0.642,0.246
0.408,-0.779,0.29
0.244,-0.841,0.455
0.105,-0.843,0.657
0.035,-0.783,0.948
-0.082,-0.695,1.198
-0.16,-0.587,1.365
-0.203,-0.501,1.443
-0.141,-0.407,1.511
-0.099,-0.358,1.53
-0.036,-0.281,1.557
0.047,-0.222,1.539
0.115,-0.211,1.504
0.181,-0.183,1.417
0.238,-0.137,1.281
0.284,-0.105,1.166
0.459,-0.039,1.082
0.651,-0.02,1.036
0.633,0.045,1.028
0.6,0.048,1.086
0.506,0.017,1.19
0.452,-0.026,1.185
0.443,-0.06,1.168
0.398,-0.061,1.174
0.377,-0.052,1.194
0.368,-0.03,1.203
0.383,0,1.189
0.396,0.008,1.181
0.398,0.019,1.176
0.394,0.048,1.166
0.384,0.062,1.151
0.38,0.072,1.108
0.399,0.066,1.076
0.388,0.053,1.05
0.351,0.076,1.026
0.307,0.091,1.001
0.269,0.046,1.01
0.212,-0.002,0.876
0.164,-0.022,0.991
0.102,-0.02,0.99
0.094,-0.02,0.99
0.101,-0.013,0.995
0.123,0.002,0.981
0.155,0.005,0.948
0.162,0.009,0.909
0.149,0.026,0.896
0.163,0.069,0.902
0.184,0.096,0.921
0.187,0.105,0.952
0.17,0.102,0.967
0.143,0.089,0.95
0.087,0.119,0.909
0.036,0.131,0.789
0,0.115,0.713
-0.015,0.097,0.678
-0.014,0.089,0.656
0.005,0.111,0.639
0.042,0.137,0.613
0.061,0.188,0.587
0.076,0.291,0.583
0.081,0.335,0.576
0.051,0.346,0.55
0.004,0.32,0.545
-0.025,0.303,0.546
0.065,0.225,0.731
0.059,0.187,0.639
-0.12,0.237,0.73
-0.053,0.336,0.888
0.045,0.315,0.781
-0.052,0.265,0.84
-0.124,0.35,1.001
-0.044,0.376,1.038
-0.232,0.537,0.905
-0.281,0.501,0.872
-0.247,0.358,0.911
-0.197,0.21,0.955
-0.214,0.157,1.008
-0.252,0.094,1.092
-0.258,-0.032,1.117
-0.194,-0.068,1.213
-0.437,0.324,1.834
-0.582,0.346,1.788
-0.688,-0.057,1.375
-0.602,-0.12,1.211
-0.393,-0.156,1.198
-0.337,-0.209,1.166
-0.356,-0.276,1.122
-0.309,-0.27,1.044
-0.224,-0.311,0.825
-0.208,-0.28,0.662
-0.091,0.034,0.374
-0.006,-0.099,0.355
0.059,0.056,0.44
-0.027,0.141,0.371
-0.071,0.085,0.151
-0.045,-0.043,0.273
-0.004,-0.418,0.287
-1.353,-2.498,0.128
-0.559,-1.095,2.787
0.544,-0.171,1.012
-0.933,-0.795,1.096
-0.13,0.018,1.238
-0.246,0.315,1.023
-0.599,0.26,1.172
-0.586,0.247,1.362
-0.472,0.035,1.418
-0.399,-0.228,1.283
-0.316,-0.131,1.133
-0.39,-0.041,0.968
